item_id,batch_id,actual,predicted
7501,71bbaf7b,0,0
7502,71bbaf7b,0,0
7503,71bbaf7b,0,0
7504,71bbaf7b,0,0
7505,71bbaf7b,0,0
7506,71bbaf7b,0,0
7507,71bbaf7b,1,1
7508,71bbaf7b,1,1
7509,71bbaf7b,0,0
7510,71bbaf7b,0,0
7511,71bbaf7b,0,0
7512,71bbaf7b,0,0
7513,71bbaf7b,1,1
7514,71bbaf7b,0,0
7515,71bbaf7b,0,1
7516,71bbaf7b,0,0
7517,71bbaf7b,0,0
7518,71bbaf7b,0,0
7519,71bbaf7b,1,1
7520,71bbaf7b,0,0
7521,71bbaf7b,1,1
7522,71bbaf7b,1,1
7523,71bbaf7b,1,1
7524,71bbaf7b,0,0
7525,71bbaf7b,0,0
7526,71bbaf7b,0,0
7527,71bbaf7b,0,0
7528,71bbaf7b,0,0
7529,71bbaf7b,0,0
7530,71bbaf7b,1,1
7531,71bbaf7b,0,0
7532,71bbaf7b,1,1
7533,71bbaf7b,0,0
7534,71bbaf7b,1,1
7535,71bbaf7b,0,0
7536,71bbaf7b,0,0
7537,71bbaf7b,0,0
7538,71bbaf7b,0,0
7539,71bbaf7b,0,0
7540,71bbaf7b,1,1
7541,71bbaf7b,0,0
7542,71bbaf7b,0,0
7543,71bbaf7b,0,0
7544,71bbaf7b,0,0
7545,71bbaf7b,0,0
7546,71bbaf7b,0,0
7547,71bbaf7b,0,0
7548,71bbaf7b,0,0
7549,71bbaf7b,0,0
7550,71bbaf7b,0,0
7551,71bbaf7b,0,0
7552,71bbaf7b,0,0
7553,71bbaf7b,0,0
7554,71bbaf7b,0,0
7555,71bbaf7b,0,0
7556,71bbaf7b,1,1
7557,71bbaf7b,0,0
7558,71bbaf7b,0,1
7559,71bbaf7b,1,1
7560,71bbaf7b,0,0
7561,71bbaf7b,0,0
7562,71bbaf7b,0,0
7563,71bbaf7b,0,0
7564,71bbaf7b,0,0
7565,71bbaf7b,0,0
7566,71bbaf7b,0,0
7567,71bbaf7b,0,0
7568,71bbaf7b,0,1
7569,71bbaf7b,0,0
7570,71bbaf7b,0,0
7571,71bbaf7b,1,1
7572,71bbaf7b,1,1
7573,71bbaf7b,1,1
7574,71bbaf7b,0,0
7575,71bbaf7b,1,1
7576,71bbaf7b,0,0
7577,71bbaf7b,0,0
7578,71bbaf7b,0,0
7579,71bbaf7b,0,0
7580,71bbaf7b,0,0
7581,71bbaf7b,0,0
7582,71bbaf7b,0,0
7583,71bbaf7b,0,0
7584,71bbaf7b,0,0
7585,71bbaf7b,0,0
7586,71bbaf7b,0,0
7587,71bbaf7b,0,0
7588,71bbaf7b,0,0
7589,71bbaf7b,0,0
7590,71bbaf7b,0,0
7591,71bbaf7b,0,0
7592,71bbaf7b,1,1
7593,71bbaf7b,1,1
7594,71bbaf7b,1,1
7595,71bbaf7b,1,1
7596,71bbaf7b,1,1
7597,71bbaf7b,0,0
7598,71bbaf7b,0,0
7599,71bbaf7b,0,0
7600,71bbaf7b,0,0
7601,71bbaf7b,0,0
7602,71bbaf7b,0,0
7603,71bbaf7b,0,0
7604,71bbaf7b,0,0
7605,71bbaf7b,0,0
7606,71bbaf7b,1,1
7607,71bbaf7b,1,1
7608,71bbaf7b,0,0
7609,71bbaf7b,0,0
7610,71bbaf7b,0,0
7611,71bbaf7b,0,0
7612,71bbaf7b,0,0
7613,71bbaf7b,1,1
7614,71bbaf7b,0,0
7615,71bbaf7b,0,0
7616,71bbaf7b,0,0
7617,71bbaf7b,0,0
7618,71bbaf7b,1,1
7619,71bbaf7b,0,1
7620,71bbaf7b,0,0
7621,71bbaf7b,0,0
7622,71bbaf7b,1,1
7623,71bbaf7b,0,0
7624,71bbaf7b,0,0
7625,71bbaf7b,1,1
7626,71bbaf7b,1,1
7627,71bbaf7b,0,0
7628,71bbaf7b,1,1
7629,71bbaf7b,0,0
7630,71bbaf7b,1,1
7631,71bbaf7b,0,0
7632,71bbaf7b,0,0
7633,71bbaf7b,0,0
7634,71bbaf7b,1,1
7635,71bbaf7b,0,0
7636,71bbaf7b,0,0
7637,71bbaf7b,1,1
7638,71bbaf7b,0,0
7639,71bbaf7b,0,0
7640,71bbaf7b,0,0
7641,71bbaf7b,0,0
7642,71bbaf7b,1,1
7643,71bbaf7b,0,0
7644,71bbaf7b,0,0
7645,71bbaf7b,0,0
7646,71bbaf7b,0,0
7647,71bbaf7b,1,1
7648,71bbaf7b,0,0
7649,71bbaf7b,0,0
7650,71bbaf7b,0,0
7651,71bbaf7b,0,0
7652,71bbaf7b,1,1
7653,71bbaf7b,1,1
7654,71bbaf7b,0,0
7655,71bbaf7b,0,0
7656,71bbaf7b,0,0
7657,71bbaf7b,0,0
7658,71bbaf7b,0,0
7659,71bbaf7b,0,0
7660,71bbaf7b,0,0
7661,71bbaf7b,0,0
7662,71bbaf7b,1,1
7663,71bbaf7b,1,1
7664,71bbaf7b,0,0
7665,71bbaf7b,0,0
7666,71bbaf7b,1,1
7667,71bbaf7b,0,0
7668,71bbaf7b,0,0
7669,71bbaf7b,0,0
7670,71bbaf7b,1,1
7671,71bbaf7b,0,0
7672,71bbaf7b,0,1
7673,71bbaf7b,0,0
7674,71bbaf7b,0,0
7675,71bbaf7b,1,1
7676,71bbaf7b,0,0
7677,71bbaf7b,1,1
7678,71bbaf7b,0,0
7679,71bbaf7b,0,0
7680,71bbaf7b,1,1
7681,71bbaf7b,1,1
7682,71bbaf7b,0,0
7683,71bbaf7b,0,0
7684,71bbaf7b,0,0
7685,71bbaf7b,0,0
7686,71bbaf7b,0,0
7687,71bbaf7b,0,0
7688,71bbaf7b,0,0
7689,71bbaf7b,0,0
7690,71bbaf7b,0,0
7691,71bbaf7b,0,0
7692,71bbaf7b,0,0
7693,71bbaf7b,0,0
7694,71bbaf7b,0,0
7695,71bbaf7b,0,1
7696,71bbaf7b,0,0
7697,71bbaf7b,1,1
7698,71bbaf7b,1,1
7699,71bbaf7b,1,1
7700,71bbaf7b,0,1
7701,71bbaf7b,0,0
7702,71bbaf7b,1,1
7703,71bbaf7b,0,1
7704,71bbaf7b,0,0
7705,71bbaf7b,0,0
7706,71bbaf7b,0,0
7707,71bbaf7b,1,1
7708,71bbaf7b,0,0
7709,71bbaf7b,0,0
7710,71bbaf7b,0,1
7711,71bbaf7b,1,1
7712,71bbaf7b,0,0
7713,71bbaf7b,0,0
7714,71bbaf7b,0,0
7715,71bbaf7b,1,1
7716,71bbaf7b,1,1
7717,71bbaf7b,1,1
7718,71bbaf7b,0,0
7719,71bbaf7b,0,0
7720,71bbaf7b,0,0
7721,71bbaf7b,1,1
7722,71bbaf7b,0,0
7723,71bbaf7b,1,1
7724,71bbaf7b,0,0
7725,71bbaf7b,0,0
7726,71bbaf7b,0,0
7727,71bbaf7b,1,1
7728,71bbaf7b,0,0
7729,71bbaf7b,1,1
7730,71bbaf7b,0,0
7731,71bbaf7b,0,0
7732,71bbaf7b,0,0
7733,71bbaf7b,0,0
7734,71bbaf7b,0,0
7735,71bbaf7b,0,0
7736,71bbaf7b,0,0
7737,71bbaf7b,0,0
7738,71bbaf7b,1,1
7739,71bbaf7b,0,0
7740,71bbaf7b,0,0
7741,71bbaf7b,0,0
7742,71bbaf7b,0,0
7743,71bbaf7b,0,0
7744,71bbaf7b,0,0
7745,71bbaf7b,1,1
7746,71bbaf7b,0,0
7747,71bbaf7b,0,0
7748,71bbaf7b,0,0
7749,71bbaf7b,0,0
7750,71bbaf7b,1,1
7751,71bbaf7b,1,1
7752,71bbaf7b,0,1
7753,71bbaf7b,0,0
7754,71bbaf7b,1,1
7755,71bbaf7b,0,0
7756,71bbaf7b,1,1
7757,71bbaf7b,0,0
7758,71bbaf7b,1,1
7759,71bbaf7b,0,0
7760,71bbaf7b,1,1
7761,71bbaf7b,0,1
7762,71bbaf7b,0,0
7763,71bbaf7b,0,0
7764,71bbaf7b,0,0
7765,71bbaf7b,0,0
7766,71bbaf7b,1,1
7767,71bbaf7b,0,0
7768,71bbaf7b,0,0
7769,71bbaf7b,0,0
7770,71bbaf7b,0,0
7771,71bbaf7b,1,1
7772,71bbaf7b,1,1
7773,71bbaf7b,0,1
7774,71bbaf7b,1,1
7775,71bbaf7b,0,0
7776,71bbaf7b,0,0
7777,71bbaf7b,0,0
7778,71bbaf7b,0,0
7779,71bbaf7b,0,0
7780,71bbaf7b,0,0
7781,71bbaf7b,0,0
7782,71bbaf7b,0,0
7783,71bbaf7b,0,0
7784,71bbaf7b,0,0
7785,71bbaf7b,0,0
7786,71bbaf7b,0,0
7787,71bbaf7b,0,0
7788,71bbaf7b,1,1
7789,71bbaf7b,0,0
7790,71bbaf7b,0,0
7791,71bbaf7b,0,0
7792,71bbaf7b,0,0
7793,71bbaf7b,1,1
7794,71bbaf7b,1,1
7795,71bbaf7b,0,0
7796,71bbaf7b,0,0
7797,71bbaf7b,1,1
7798,71bbaf7b,1,1
7799,71bbaf7b,1,1
7800,71bbaf7b,0,0
7801,71bbaf7b,0,0
7802,71bbaf7b,0,0
7803,71bbaf7b,0,0
7804,71bbaf7b,1,1
7805,71bbaf7b,1,1
7806,71bbaf7b,0,0
7807,71bbaf7b,0,0
7808,71bbaf7b,1,1
7809,71bbaf7b,0,1
7810,71bbaf7b,1,1
7811,71bbaf7b,0,0
7812,71bbaf7b,0,1
7813,71bbaf7b,0,0
7814,71bbaf7b,0,1
7815,71bbaf7b,1,1
7816,71bbaf7b,1,1
7817,71bbaf7b,0,0
7818,71bbaf7b,0,0
7819,71bbaf7b,0,0
7820,71bbaf7b,0,0
7821,71bbaf7b,0,0
7822,71bbaf7b,1,1
7823,71bbaf7b,1,1
7824,71bbaf7b,0,0
7825,71bbaf7b,0,0
7826,71bbaf7b,1,1
7827,71bbaf7b,0,0
7828,71bbaf7b,1,1
7829,71bbaf7b,0,0
7830,71bbaf7b,0,0
7831,71bbaf7b,0,1
7832,71bbaf7b,1,1
7833,71bbaf7b,0,0
7834,71bbaf7b,0,0
7835,71bbaf7b,0,0
7836,71bbaf7b,1,1
7837,71bbaf7b,0,0
7838,71bbaf7b,0,0
7839,71bbaf7b,0,0
7840,71bbaf7b,0,0
7841,71bbaf7b,1,1
7842,71bbaf7b,1,1
7843,71bbaf7b,1,1
7844,71bbaf7b,0,0
7845,71bbaf7b,0,0
7846,71bbaf7b,0,0
7847,71bbaf7b,0,0
7848,71bbaf7b,0,0
7849,71bbaf7b,0,0
7850,71bbaf7b,1,1
7851,71bbaf7b,0,0
7852,71bbaf7b,1,1
7853,71bbaf7b,0,0
7854,71bbaf7b,0,1
7855,71bbaf7b,0,0
7856,71bbaf7b,0,0
7857,71bbaf7b,0,0
7858,71bbaf7b,1,1
7859,71bbaf7b,0,0
7860,71bbaf7b,0,0
7861,71bbaf7b,0,1
7862,71bbaf7b,0,0
7863,71bbaf7b,0,0
7864,71bbaf7b,0,0
7865,71bbaf7b,1,1
7866,71bbaf7b,0,0
7867,71bbaf7b,0,0
7868,71bbaf7b,0,0
7869,71bbaf7b,0,0
7870,71bbaf7b,1,1
7871,71bbaf7b,0,0
7872,71bbaf7b,1,1
7873,71bbaf7b,0,0
7874,71bbaf7b,0,0
7875,71bbaf7b,1,1
7876,71bbaf7b,0,0
7877,71bbaf7b,1,1
7878,71bbaf7b,1,1
7879,71bbaf7b,0,0
7880,71bbaf7b,0,0
7881,71bbaf7b,0,0
7882,71bbaf7b,0,0
7883,71bbaf7b,1,1
7884,71bbaf7b,0,0
7885,71bbaf7b,0,0
7886,71bbaf7b,0,0
7887,71bbaf7b,1,1
7888,71bbaf7b,1,1
7889,71bbaf7b,0,0
7890,71bbaf7b,0,0
7891,71bbaf7b,0,0
7892,71bbaf7b,0,0
7893,71bbaf7b,0,0
7894,71bbaf7b,0,0
7895,71bbaf7b,0,0
7896,71bbaf7b,0,0
7897,71bbaf7b,0,0
7898,71bbaf7b,0,0
7899,71bbaf7b,0,0
7900,71bbaf7b,0,0
7901,71bbaf7b,0,0
7902,71bbaf7b,1,1
7903,71bbaf7b,0,0
7904,71bbaf7b,1,1
7905,71bbaf7b,0,0
7906,71bbaf7b,1,1
7907,71bbaf7b,1,1
7908,71bbaf7b,0,0
7909,71bbaf7b,0,0
7910,71bbaf7b,0,0
7911,71bbaf7b,1,1
7912,71bbaf7b,0,0
7913,71bbaf7b,0,0
7914,71bbaf7b,0,0
7915,71bbaf7b,1,1
7916,71bbaf7b,0,0
7917,71bbaf7b,0,0
7918,71bbaf7b,1,1
7919,71bbaf7b,0,0
7920,71bbaf7b,0,0
7921,71bbaf7b,0,0
7922,71bbaf7b,0,0
7923,71bbaf7b,0,0
7924,71bbaf7b,0,0
7925,71bbaf7b,1,1
7926,71bbaf7b,1,1
7927,71bbaf7b,1,1
7928,71bbaf7b,1,1
7929,71bbaf7b,0,0
7930,71bbaf7b,0,0
7931,71bbaf7b,0,0
7932,71bbaf7b,0,0
7933,71bbaf7b,0,0
7934,71bbaf7b,0,0
7935,71bbaf7b,1,1
7936,71bbaf7b,0,0
7937,71bbaf7b,1,1
7938,71bbaf7b,1,1
7939,71bbaf7b,1,1
7940,71bbaf7b,0,0
7941,71bbaf7b,0,0
7942,71bbaf7b,0,0
7943,71bbaf7b,0,0
7944,71bbaf7b,1,1
7945,71bbaf7b,1,1
7946,71bbaf7b,0,0
7947,71bbaf7b,0,0
7948,71bbaf7b,0,0
7949,71bbaf7b,0,0
7950,71bbaf7b,0,0
7951,71bbaf7b,0,0
7952,71bbaf7b,1,1
7953,71bbaf7b,0,0
7954,71bbaf7b,0,0
7955,71bbaf7b,0,0
7956,71bbaf7b,0,0
7957,71bbaf7b,0,0
7958,71bbaf7b,1,1
7959,71bbaf7b,0,0
7960,71bbaf7b,1,1
7961,71bbaf7b,0,0
7962,71bbaf7b,1,1
7963,71bbaf7b,0,1
7964,71bbaf7b,0,0
7965,71bbaf7b,0,0
7966,71bbaf7b,0,0
7967,71bbaf7b,0,0
7968,71bbaf7b,0,0
7969,71bbaf7b,0,0
7970,71bbaf7b,1,1
7971,71bbaf7b,1,1
7972,71bbaf7b,0,0
7973,71bbaf7b,1,1
7974,71bbaf7b,0,0
7975,71bbaf7b,0,0
7976,71bbaf7b,0,0
7977,71bbaf7b,0,0
7978,71bbaf7b,0,0
7979,71bbaf7b,0,0
7980,71bbaf7b,1,1
7981,71bbaf7b,1,1
7982,71bbaf7b,1,1
7983,71bbaf7b,1,1
7984,71bbaf7b,0,0
7985,71bbaf7b,0,0
7986,71bbaf7b,0,0
7987,71bbaf7b,0,0
7988,71bbaf7b,0,0
7989,71bbaf7b,0,0
7990,71bbaf7b,0,0
7991,71bbaf7b,1,1
7992,71bbaf7b,0,1
7993,71bbaf7b,1,1
7994,71bbaf7b,0,0
7995,71bbaf7b,0,0
7996,71bbaf7b,0,0
7997,71bbaf7b,1,1
7998,71bbaf7b,0,0
7999,71bbaf7b,0,0
8000,71bbaf7b,1,1
8001,71bbaf7b,0,0
8002,71bbaf7b,1,1
8003,71bbaf7b,0,0
8004,71bbaf7b,1,1
8005,71bbaf7b,0,0
8006,71bbaf7b,0,0
8007,71bbaf7b,0,0
8008,71bbaf7b,1,1
8009,71bbaf7b,1,1
8010,71bbaf7b,0,0
8011,71bbaf7b,0,0
8012,71bbaf7b,0,0
8013,71bbaf7b,1,1
8014,71bbaf7b,0,0
8015,71bbaf7b,0,0
8016,71bbaf7b,1,1
8017,71bbaf7b,0,0
8018,71bbaf7b,0,0
8019,71bbaf7b,1,1
8020,71bbaf7b,0,0
8021,71bbaf7b,1,1
8022,71bbaf7b,0,0
8023,71bbaf7b,0,0
8024,71bbaf7b,0,0
8025,71bbaf7b,1,1
8026,71bbaf7b,0,0
8027,71bbaf7b,1,1
8028,71bbaf7b,0,0
8029,71bbaf7b,1,1
8030,71bbaf7b,0,0
8031,71bbaf7b,0,0
8032,71bbaf7b,0,0
8033,71bbaf7b,0,0
8034,71bbaf7b,0,0
8035,71bbaf7b,0,0
8036,71bbaf7b,0,0
8037,71bbaf7b,0,0
8038,71bbaf7b,1,1
8039,71bbaf7b,0,0
8040,71bbaf7b,1,1
8041,71bbaf7b,1,1
8042,71bbaf7b,0,0
8043,71bbaf7b,0,0
8044,71bbaf7b,0,0
8045,71bbaf7b,1,1
8046,71bbaf7b,0,0
8047,71bbaf7b,0,0
8048,71bbaf7b,1,1
8049,71bbaf7b,0,0
8050,71bbaf7b,0,0
8051,71bbaf7b,0,0
8052,71bbaf7b,1,1
8053,71bbaf7b,1,1
8054,71bbaf7b,0,0
8055,71bbaf7b,0,0
8056,71bbaf7b,1,1
8057,71bbaf7b,0,0
8058,71bbaf7b,0,0
8059,71bbaf7b,0,0
8060,71bbaf7b,0,0
8061,71bbaf7b,0,0
8062,71bbaf7b,1,1
8063,71bbaf7b,0,0
8064,71bbaf7b,0,0
8065,71bbaf7b,0,0
8066,71bbaf7b,1,1
8067,71bbaf7b,0,0
8068,71bbaf7b,0,0
8069,71bbaf7b,0,0
8070,71bbaf7b,0,0
8071,71bbaf7b,0,0
8072,71bbaf7b,0,0
8073,71bbaf7b,0,1
8074,71bbaf7b,1,1
8075,71bbaf7b,1,1
8076,71bbaf7b,1,1
8077,71bbaf7b,0,0
8078,71bbaf7b,0,1
8079,71bbaf7b,0,1
8080,71bbaf7b,1,1
8081,71bbaf7b,0,0
8082,71bbaf7b,0,0
8083,71bbaf7b,0,0
8084,71bbaf7b,0,0
8085,71bbaf7b,0,0
8086,71bbaf7b,0,0
8087,71bbaf7b,0,0
8088,71bbaf7b,0,0
8089,71bbaf7b,0,0
8090,71bbaf7b,1,1
8091,71bbaf7b,1,1
8092,71bbaf7b,0,0
8093,71bbaf7b,1,1
8094,71bbaf7b,0,0
8095,71bbaf7b,1,1
8096,71bbaf7b,0,0
8097,71bbaf7b,1,1
8098,71bbaf7b,0,0
8099,71bbaf7b,1,1
8100,71bbaf7b,0,0
8101,71bbaf7b,1,1
8102,71bbaf7b,1,1
8103,71bbaf7b,0,0
8104,71bbaf7b,1,1
8105,71bbaf7b,0,0
8106,71bbaf7b,0,0
8107,71bbaf7b,0,0
8108,71bbaf7b,0,0
8109,71bbaf7b,0,0
8110,71bbaf7b,1,1
8111,71bbaf7b,0,1
8112,71bbaf7b,0,0
8113,71bbaf7b,0,0
8114,71bbaf7b,0,0
8115,71bbaf7b,0,0
8116,71bbaf7b,0,1
8117,71bbaf7b,0,0
8118,71bbaf7b,0,0
8119,71bbaf7b,0,0
8120,71bbaf7b,1,1
8121,71bbaf7b,1,1
8122,71bbaf7b,0,0
8123,71bbaf7b,1,1
8124,71bbaf7b,1,1
8125,71bbaf7b,0,1
8126,71bbaf7b,0,0
8127,71bbaf7b,0,0
8128,71bbaf7b,1,1
8129,71bbaf7b,0,1
8130,71bbaf7b,0,1
8131,71bbaf7b,0,0
8132,71bbaf7b,0,0
8133,71bbaf7b,0,0
8134,71bbaf7b,0,0
8135,71bbaf7b,1,1
8136,71bbaf7b,0,0
8137,71bbaf7b,0,0
8138,71bbaf7b,0,0
8139,71bbaf7b,0,0
8140,71bbaf7b,0,0
8141,71bbaf7b,0,0
8142,71bbaf7b,1,1
8143,71bbaf7b,1,1
8144,71bbaf7b,0,0
8145,71bbaf7b,0,0
8146,71bbaf7b,1,1
8147,71bbaf7b,0,0
8148,71bbaf7b,0,0
8149,71bbaf7b,1,1
8150,71bbaf7b,0,0
8151,71bbaf7b,0,1
8152,71bbaf7b,1,1
8153,71bbaf7b,1,1
8154,71bbaf7b,1,1
8155,71bbaf7b,0,0
8156,71bbaf7b,0,0
8157,71bbaf7b,1,1
8158,71bbaf7b,0,0
8159,71bbaf7b,1,1
8160,71bbaf7b,1,1
8161,71bbaf7b,0,0
8162,71bbaf7b,1,1
8163,71bbaf7b,0,0
8164,71bbaf7b,0,0
8165,71bbaf7b,0,0
8166,71bbaf7b,0,1
8167,71bbaf7b,0,0
8168,71bbaf7b,1,1
8169,71bbaf7b,0,0
8170,71bbaf7b,1,1
8171,71bbaf7b,0,0
8172,71bbaf7b,1,1
8173,71bbaf7b,0,0
8174,71bbaf7b,0,0
8175,71bbaf7b,0,0
8176,71bbaf7b,0,0
8177,71bbaf7b,0,0
8178,71bbaf7b,0,0
8179,71bbaf7b,0,0
8180,71bbaf7b,1,1
8181,71bbaf7b,0,0
8182,71bbaf7b,0,0
8183,71bbaf7b,0,0
8184,71bbaf7b,0,1
8185,71bbaf7b,1,1
8186,71bbaf7b,0,1
8187,71bbaf7b,0,0
8188,71bbaf7b,0,1
8189,71bbaf7b,0,0
8190,71bbaf7b,0,0
8191,71bbaf7b,0,0
8192,71bbaf7b,1,1
8193,71bbaf7b,0,0
8194,71bbaf7b,0,0
8195,71bbaf7b,1,1
8196,71bbaf7b,0,0
8197,71bbaf7b,1,1
8198,71bbaf7b,0,0
8199,71bbaf7b,0,0
8200,71bbaf7b,0,0
8201,71bbaf7b,1,1
8202,71bbaf7b,0,0
8203,71bbaf7b,0,0
8204,71bbaf7b,0,0
8205,71bbaf7b,1,1
8206,71bbaf7b,0,0
8207,71bbaf7b,1,1
8208,71bbaf7b,0,0
8209,71bbaf7b,0,0
8210,71bbaf7b,0,0
8211,71bbaf7b,0,0
8212,71bbaf7b,1,1
8213,71bbaf7b,0,1
8214,71bbaf7b,0,0
8215,71bbaf7b,0,0
8216,71bbaf7b,1,1
8217,71bbaf7b,0,0
8218,71bbaf7b,1,1
8219,71bbaf7b,0,0
8220,71bbaf7b,0,0
8221,71bbaf7b,0,0
8222,71bbaf7b,0,0
8223,71bbaf7b,0,0
8224,71bbaf7b,0,0
8225,71bbaf7b,0,0
8226,71bbaf7b,1,1
8227,71bbaf7b,0,0
8228,71bbaf7b,0,0
8229,71bbaf7b,1,1
8230,71bbaf7b,0,0
8231,71bbaf7b,0,0
8232,71bbaf7b,0,0
8233,71bbaf7b,0,0
8234,71bbaf7b,0,0
8235,71bbaf7b,1,1
8236,71bbaf7b,0,0
8237,71bbaf7b,0,0
8238,71bbaf7b,0,0
8239,71bbaf7b,0,0
8240,71bbaf7b,0,0
8241,71bbaf7b,0,0
8242,71bbaf7b,0,0
8243,71bbaf7b,0,0
8244,71bbaf7b,0,0
8245,71bbaf7b,0,0
8246,71bbaf7b,0,0
8247,71bbaf7b,0,0
8248,71bbaf7b,0,1
8249,71bbaf7b,0,0
8250,71bbaf7b,0,0
8251,71bbaf7b,0,0
8252,71bbaf7b,0,0
8253,71bbaf7b,0,0
8254,71bbaf7b,1,1
8255,71bbaf7b,0,0
8256,71bbaf7b,0,0
8257,71bbaf7b,0,0
8258,71bbaf7b,0,0
8259,71bbaf7b,1,1
8260,71bbaf7b,0,0
8261,71bbaf7b,0,0
8262,71bbaf7b,1,1
8263,71bbaf7b,0,0
8264,71bbaf7b,0,0
8265,71bbaf7b,0,0
8266,71bbaf7b,1,1
8267,71bbaf7b,0,0
8268,71bbaf7b,0,0
8269,71bbaf7b,0,0
8270,71bbaf7b,1,1
8271,71bbaf7b,0,0
8272,71bbaf7b,0,0
8273,71bbaf7b,0,0
8274,71bbaf7b,0,0
8275,71bbaf7b,0,0
8276,71bbaf7b,0,0
8277,71bbaf7b,0,0
8278,71bbaf7b,0,0
8279,71bbaf7b,1,1
8280,71bbaf7b,0,0
8281,71bbaf7b,0,0
8282,71bbaf7b,0,0
8283,71bbaf7b,0,0
8284,71bbaf7b,0,0
8285,71bbaf7b,0,0
8286,71bbaf7b,0,0
8287,71bbaf7b,1,1
8288,71bbaf7b,1,1
8289,71bbaf7b,0,0
8290,71bbaf7b,1,1
8291,71bbaf7b,0,0
8292,71bbaf7b,0,0
8293,71bbaf7b,1,1
8294,71bbaf7b,0,0
8295,71bbaf7b,0,0
8296,71bbaf7b,0,0
8297,71bbaf7b,0,0
8298,71bbaf7b,0,0
8299,71bbaf7b,0,0
8300,71bbaf7b,1,1
8301,71bbaf7b,0,0
8302,71bbaf7b,0,0
8303,71bbaf7b,0,0
8304,71bbaf7b,0,0
8305,71bbaf7b,0,0
8306,71bbaf7b,0,0
8307,71bbaf7b,0,0
8308,71bbaf7b,0,0
8309,71bbaf7b,0,0
8310,71bbaf7b,0,0
8311,71bbaf7b,1,1
8312,71bbaf7b,0,0
8313,71bbaf7b,0,0
8314,71bbaf7b,0,0
8315,71bbaf7b,0,0
8316,71bbaf7b,0,0
8317,71bbaf7b,1,1
8318,71bbaf7b,0,0
8319,71bbaf7b,0,0
8320,71bbaf7b,0,0
8321,71bbaf7b,0,0
8322,71bbaf7b,0,0
8323,71bbaf7b,0,0
8324,71bbaf7b,0,0
8325,71bbaf7b,0,1
8326,71bbaf7b,0,0
8327,71bbaf7b,1,1
8328,71bbaf7b,1,1
8329,71bbaf7b,1,1
8330,71bbaf7b,0,0
8331,71bbaf7b,0,0
8332,71bbaf7b,0,0
8333,71bbaf7b,0,0
8334,71bbaf7b,0,0
8335,71bbaf7b,1,1
8336,71bbaf7b,0,0
8337,71bbaf7b,1,1
8338,71bbaf7b,0,0
8339,71bbaf7b,0,0
8340,71bbaf7b,0,0
8341,71bbaf7b,0,0
8342,71bbaf7b,0,0
8343,71bbaf7b,1,1
8344,71bbaf7b,0,0
8345,71bbaf7b,0,0
8346,71bbaf7b,0,0
8347,71bbaf7b,1,1
8348,71bbaf7b,1,1
8349,71bbaf7b,0,0
8350,71bbaf7b,0,0
8351,71bbaf7b,1,1
8352,71bbaf7b,1,1
8353,71bbaf7b,1,1
8354,71bbaf7b,0,0
8355,71bbaf7b,1,1
8356,71bbaf7b,1,1
8357,71bbaf7b,1,1
8358,71bbaf7b,1,1
8359,71bbaf7b,0,0
8360,71bbaf7b,1,1
8361,71bbaf7b,0,0
8362,71bbaf7b,1,1
8363,71bbaf7b,0,0
8364,71bbaf7b,0,0
8365,71bbaf7b,1,1
8366,71bbaf7b,0,0
8367,71bbaf7b,0,0
8368,71bbaf7b,0,0
8369,71bbaf7b,0,0
8370,71bbaf7b,0,0
8371,71bbaf7b,0,0
8372,71bbaf7b,0,0
8373,71bbaf7b,1,1
8374,71bbaf7b,1,1
8375,71bbaf7b,0,1
8376,71bbaf7b,0,0
8377,71bbaf7b,1,1
8378,71bbaf7b,0,0
8379,71bbaf7b,0,0
8380,71bbaf7b,0,0
8381,71bbaf7b,1,1
8382,71bbaf7b,0,0
8383,71bbaf7b,0,0
8384,71bbaf7b,0,0
8385,71bbaf7b,0,0
8386,71bbaf7b,0,0
8387,71bbaf7b,1,1
8388,71bbaf7b,0,0
8389,71bbaf7b,0,0
8390,71bbaf7b,1,1
8391,71bbaf7b,0,0
8392,71bbaf7b,1,1
8393,71bbaf7b,0,0
8394,71bbaf7b,0,0
8395,71bbaf7b,1,1
8396,71bbaf7b,0,0
8397,71bbaf7b,1,1
8398,71bbaf7b,1,1
8399,71bbaf7b,0,0
8400,71bbaf7b,1,1
8401,71bbaf7b,0,0
8402,71bbaf7b,0,0
8403,71bbaf7b,0,0
8404,71bbaf7b,1,1
8405,71bbaf7b,0,0
8406,71bbaf7b,1,1
8407,71bbaf7b,0,0
8408,71bbaf7b,1,1
8409,71bbaf7b,0,0
8410,71bbaf7b,0,0
8411,71bbaf7b,1,1
8412,71bbaf7b,0,0
8413,71bbaf7b,0,0
8414,71bbaf7b,0,0
8415,71bbaf7b,1,1
8416,71bbaf7b,0,0
8417,71bbaf7b,1,1
8418,71bbaf7b,0,0
8419,71bbaf7b,0,0
8420,71bbaf7b,0,0
8421,71bbaf7b,1,1
8422,71bbaf7b,1,1
8423,71bbaf7b,0,0
8424,71bbaf7b,1,1
8425,71bbaf7b,0,0
8426,71bbaf7b,0,0
8427,71bbaf7b,0,0
8428,71bbaf7b,0,1
8429,71bbaf7b,0,0
8430,71bbaf7b,0,0
8431,71bbaf7b,0,0
8432,71bbaf7b,0,0
8433,71bbaf7b,1,1
8434,71bbaf7b,0,0
8435,71bbaf7b,1,1
8436,71bbaf7b,1,1
8437,71bbaf7b,0,0
8438,71bbaf7b,0,0
8439,71bbaf7b,0,0
8440,71bbaf7b,0,0
8441,71bbaf7b,0,0
8442,71bbaf7b,0,0
8443,71bbaf7b,0,0
8444,71bbaf7b,0,0
8445,71bbaf7b,0,0
8446,71bbaf7b,0,0
8447,71bbaf7b,0,0
8448,71bbaf7b,0,0
8449,71bbaf7b,1,1
8450,71bbaf7b,0,0
8451,71bbaf7b,1,1
8452,71bbaf7b,1,1
8453,71bbaf7b,0,0
8454,71bbaf7b,0,0
8455,71bbaf7b,1,1
8456,71bbaf7b,0,0
8457,71bbaf7b,1,1
8458,71bbaf7b,1,1
8459,71bbaf7b,0,0
8460,71bbaf7b,0,0
8461,71bbaf7b,1,1
8462,71bbaf7b,1,1
8463,71bbaf7b,1,1
8464,71bbaf7b,1,1
8465,71bbaf7b,1,1
8466,71bbaf7b,1,1
8467,71bbaf7b,0,0
8468,71bbaf7b,0,0
8469,71bbaf7b,1,1
8470,71bbaf7b,1,1
8471,71bbaf7b,0,0
8472,71bbaf7b,1,1
8473,71bbaf7b,0,0
8474,71bbaf7b,0,0
8475,71bbaf7b,0,0
8476,71bbaf7b,1,1
8477,71bbaf7b,1,1
8478,71bbaf7b,0,0
8479,71bbaf7b,0,0
8480,71bbaf7b,1,1
8481,71bbaf7b,1,1
8482,71bbaf7b,0,0
8483,71bbaf7b,0,0
8484,71bbaf7b,1,1
8485,71bbaf7b,1,1
8486,71bbaf7b,0,0
8487,71bbaf7b,0,0
8488,71bbaf7b,0,0
8489,71bbaf7b,1,1
8490,71bbaf7b,0,0
8491,71bbaf7b,1,1
8492,71bbaf7b,0,0
8493,71bbaf7b,0,0
8494,71bbaf7b,0,0
8495,71bbaf7b,0,0
8496,71bbaf7b,0,0
8497,71bbaf7b,0,0
8498,71bbaf7b,0,0
8499,71bbaf7b,1,1
8500,71bbaf7b,0,0
8501,71bbaf7b,0,0
8502,71bbaf7b,1,1
8503,71bbaf7b,1,1
8504,71bbaf7b,0,0
8505,71bbaf7b,1,1
8506,71bbaf7b,1,1
8507,71bbaf7b,1,1
8508,71bbaf7b,0,0
8509,71bbaf7b,1,1
8510,71bbaf7b,0,0
8511,71bbaf7b,0,0
8512,71bbaf7b,0,0
8513,71bbaf7b,0,0
8514,71bbaf7b,1,1
8515,71bbaf7b,0,0
8516,71bbaf7b,0,1
8517,71bbaf7b,0,0
8518,71bbaf7b,1,1
8519,71bbaf7b,0,0
8520,71bbaf7b,0,0
8521,71bbaf7b,1,1
8522,71bbaf7b,0,0
8523,71bbaf7b,0,0
8524,71bbaf7b,0,0
8525,71bbaf7b,1,1
8526,71bbaf7b,0,0
8527,71bbaf7b,1,1
8528,71bbaf7b,0,0
8529,71bbaf7b,1,1
8530,71bbaf7b,1,1
8531,71bbaf7b,1,1
8532,71bbaf7b,0,0
8533,71bbaf7b,0,0
8534,71bbaf7b,0,0
8535,71bbaf7b,1,1
8536,71bbaf7b,0,0
8537,71bbaf7b,0,0
8538,71bbaf7b,0,0
8539,71bbaf7b,1,1
8540,71bbaf7b,0,0
8541,71bbaf7b,0,0
8542,71bbaf7b,0,0
8543,71bbaf7b,0,0
8544,71bbaf7b,0,0
8545,71bbaf7b,1,1
8546,71bbaf7b,1,1
8547,71bbaf7b,0,0
8548,71bbaf7b,0,0
8549,71bbaf7b,0,0
8550,71bbaf7b,0,0
8551,71bbaf7b,1,1
8552,71bbaf7b,0,0
8553,71bbaf7b,0,0
8554,71bbaf7b,0,0
8555,71bbaf7b,0,0
8556,71bbaf7b,1,1
8557,71bbaf7b,0,0
8558,71bbaf7b,0,0
8559,71bbaf7b,0,0
8560,71bbaf7b,1,1
8561,71bbaf7b,0,0
8562,71bbaf7b,1,1
8563,71bbaf7b,1,1
8564,71bbaf7b,0,0
8565,71bbaf7b,0,0
8566,71bbaf7b,0,1
8567,71bbaf7b,0,0
8568,71bbaf7b,0,0
8569,71bbaf7b,0,0
8570,71bbaf7b,0,0
8571,71bbaf7b,0,0
8572,71bbaf7b,1,1
8573,71bbaf7b,0,0
8574,71bbaf7b,1,1
8575,71bbaf7b,0,0
8576,71bbaf7b,1,1
8577,71bbaf7b,1,1
8578,71bbaf7b,1,1
8579,71bbaf7b,1,1
8580,71bbaf7b,1,1
8581,71bbaf7b,0,0
8582,71bbaf7b,0,0
8583,71bbaf7b,0,0
8584,71bbaf7b,0,0
8585,71bbaf7b,0,0
8586,71bbaf7b,0,0
8587,71bbaf7b,1,1
8588,71bbaf7b,0,0
8589,71bbaf7b,0,0
8590,71bbaf7b,0,0
8591,71bbaf7b,0,0
8592,71bbaf7b,1,1
8593,71bbaf7b,0,0
8594,71bbaf7b,1,1
8595,71bbaf7b,0,1
8596,71bbaf7b,1,1
8597,71bbaf7b,0,0
8598,71bbaf7b,0,0
8599,71bbaf7b,1,1
8600,71bbaf7b,0,0
8601,71bbaf7b,1,1
8602,71bbaf7b,1,1
8603,71bbaf7b,1,1
8604,71bbaf7b,1,1
8605,71bbaf7b,0,0
8606,71bbaf7b,0,0
8607,71bbaf7b,0,0
8608,71bbaf7b,0,0
8609,71bbaf7b,0,0
8610,71bbaf7b,1,1
8611,71bbaf7b,0,0
8612,71bbaf7b,0,0
8613,71bbaf7b,1,1
8614,71bbaf7b,0,0
8615,71bbaf7b,0,0
8616,71bbaf7b,1,1
8617,71bbaf7b,0,0
8618,71bbaf7b,0,0
8619,71bbaf7b,1,1
8620,71bbaf7b,0,0
8621,71bbaf7b,0,0
8622,71bbaf7b,1,1
8623,71bbaf7b,0,0
8624,71bbaf7b,0,0
8625,71bbaf7b,1,1
8626,71bbaf7b,0,0
8627,71bbaf7b,0,0
8628,71bbaf7b,0,0
8629,71bbaf7b,0,0
8630,71bbaf7b,0,0
8631,71bbaf7b,0,0
8632,71bbaf7b,0,0
8633,71bbaf7b,1,1
8634,71bbaf7b,1,1
8635,71bbaf7b,0,0
8636,71bbaf7b,0,0
8637,71bbaf7b,0,0
8638,71bbaf7b,0,0
8639,71bbaf7b,1,1
8640,71bbaf7b,0,0
8641,71bbaf7b,0,0
8642,71bbaf7b,0,0
8643,71bbaf7b,0,0
8644,71bbaf7b,0,0
8645,71bbaf7b,0,0
8646,71bbaf7b,1,1
8647,71bbaf7b,0,0
8648,71bbaf7b,0,0
8649,71bbaf7b,0,0
8650,71bbaf7b,0,0
8651,71bbaf7b,1,1
8652,71bbaf7b,0,0
8653,71bbaf7b,1,1
8654,71bbaf7b,0,0
8655,71bbaf7b,0,0
8656,71bbaf7b,0,0
8657,71bbaf7b,0,0
8658,71bbaf7b,0,0
8659,71bbaf7b,0,0
8660,71bbaf7b,0,0
8661,71bbaf7b,0,0
8662,71bbaf7b,0,0
8663,71bbaf7b,0,0
8664,71bbaf7b,0,0
8665,71bbaf7b,0,0
8666,71bbaf7b,1,1
8667,71bbaf7b,0,1
8668,71bbaf7b,0,0
8669,71bbaf7b,0,0
8670,71bbaf7b,0,0
8671,71bbaf7b,0,0
8672,71bbaf7b,0,0
8673,71bbaf7b,1,1
8674,71bbaf7b,1,1
8675,71bbaf7b,0,0
8676,71bbaf7b,0,0
8677,71bbaf7b,1,1
8678,71bbaf7b,0,0
8679,71bbaf7b,0,0
8680,71bbaf7b,0,0
8681,71bbaf7b,1,1
8682,71bbaf7b,0,0
8683,71bbaf7b,1,1
8684,71bbaf7b,0,0
8685,71bbaf7b,0,0
8686,71bbaf7b,0,0
8687,71bbaf7b,1,1
8688,71bbaf7b,0,0
8689,71bbaf7b,0,0
8690,71bbaf7b,0,0
8691,71bbaf7b,0,0
8692,71bbaf7b,0,0
8693,71bbaf7b,0,0
8694,71bbaf7b,0,0
8695,71bbaf7b,1,1
8696,71bbaf7b,0,0
8697,71bbaf7b,0,0
8698,71bbaf7b,0,0
8699,71bbaf7b,0,0
8700,71bbaf7b,0,0
8701,71bbaf7b,0,0
8702,71bbaf7b,0,0
8703,71bbaf7b,0,0
8704,71bbaf7b,1,1
8705,71bbaf7b,0,0
8706,71bbaf7b,0,0
8707,71bbaf7b,0,0
8708,71bbaf7b,0,0
8709,71bbaf7b,0,0
8710,71bbaf7b,0,0
8711,71bbaf7b,0,0
8712,71bbaf7b,0,0
8713,71bbaf7b,1,1
8714,71bbaf7b,0,0
8715,71bbaf7b,1,1
8716,71bbaf7b,1,1
8717,71bbaf7b,0,0
8718,71bbaf7b,0,0
8719,71bbaf7b,1,1
8720,71bbaf7b,0,0
8721,71bbaf7b,1,1
8722,71bbaf7b,1,1
8723,71bbaf7b,0,0
8724,71bbaf7b,1,1
8725,71bbaf7b,0,0
8726,71bbaf7b,0,0
8727,71bbaf7b,1,1
8728,71bbaf7b,0,0
8729,71bbaf7b,0,0
8730,71bbaf7b,1,1
8731,71bbaf7b,0,0
8732,71bbaf7b,0,0
8733,71bbaf7b,0,0
8734,71bbaf7b,1,1
8735,71bbaf7b,0,0
8736,71bbaf7b,0,0
8737,71bbaf7b,0,0
8738,71bbaf7b,0,0
8739,71bbaf7b,1,1
8740,71bbaf7b,0,0
8741,71bbaf7b,0,0
8742,71bbaf7b,1,1
8743,71bbaf7b,0,0
8744,71bbaf7b,0,0
8745,71bbaf7b,0,0
8746,71bbaf7b,1,1
8747,71bbaf7b,0,0
8748,71bbaf7b,0,0
8749,71bbaf7b,0,0
8750,71bbaf7b,0,0
8751,71bbaf7b,0,0
8752,71bbaf7b,0,0
8753,71bbaf7b,0,0
8754,71bbaf7b,0,0
8755,71bbaf7b,1,1
8756,71bbaf7b,0,0
8757,71bbaf7b,1,1
8758,71bbaf7b,1,1
8759,71bbaf7b,0,0
8760,71bbaf7b,0,0
8761,71bbaf7b,0,0
8762,71bbaf7b,0,0
8763,71bbaf7b,0,0
8764,71bbaf7b,0,0
8765,71bbaf7b,0,0
8766,71bbaf7b,0,0
8767,71bbaf7b,1,1
8768,71bbaf7b,0,0
8769,71bbaf7b,1,1
8770,71bbaf7b,1,1
8771,71bbaf7b,0,0
8772,71bbaf7b,0,0
8773,71bbaf7b,0,0
8774,71bbaf7b,1,1
8775,71bbaf7b,0,0
8776,71bbaf7b,0,0
8777,71bbaf7b,1,1
8778,71bbaf7b,0,0
8779,71bbaf7b,1,1
8780,71bbaf7b,0,0
8781,71bbaf7b,0,0
8782,71bbaf7b,0,0
8783,71bbaf7b,0,0
8784,71bbaf7b,0,0
8785,71bbaf7b,0,0
8786,71bbaf7b,1,1
8787,71bbaf7b,0,0
8788,71bbaf7b,0,1
8789,71bbaf7b,1,1
8790,71bbaf7b,0,0
8791,71bbaf7b,0,0
8792,71bbaf7b,0,0
8793,71bbaf7b,1,1
8794,71bbaf7b,0,0
8795,71bbaf7b,0,0
8796,71bbaf7b,1,1
8797,71bbaf7b,0,0
8798,71bbaf7b,0,0
8799,71bbaf7b,1,1
8800,71bbaf7b,0,0
8801,71bbaf7b,0,0
8802,71bbaf7b,0,0
8803,71bbaf7b,0,0
8804,71bbaf7b,0,0
8805,71bbaf7b,0,0
8806,71bbaf7b,0,0
8807,71bbaf7b,0,0
8808,71bbaf7b,0,0
8809,71bbaf7b,0,0
8810,71bbaf7b,1,1
8811,71bbaf7b,0,0
8812,71bbaf7b,0,0
8813,71bbaf7b,0,0
8814,71bbaf7b,0,0
8815,71bbaf7b,0,0
8816,71bbaf7b,1,1
8817,71bbaf7b,0,0
8818,71bbaf7b,0,0
8819,71bbaf7b,0,0
8820,71bbaf7b,1,1
8821,71bbaf7b,0,0
8822,71bbaf7b,0,0
8823,71bbaf7b,1,1
8824,71bbaf7b,0,0
8825,71bbaf7b,0,1
8826,71bbaf7b,1,1
8827,71bbaf7b,0,0
8828,71bbaf7b,0,0
8829,71bbaf7b,0,0
8830,71bbaf7b,0,0
8831,71bbaf7b,1,1
8832,71bbaf7b,0,0
8833,71bbaf7b,0,0
8834,71bbaf7b,0,0
8835,71bbaf7b,0,0
8836,71bbaf7b,0,0
8837,71bbaf7b,0,0
8838,71bbaf7b,1,1
8839,71bbaf7b,0,0
8840,71bbaf7b,0,0
8841,71bbaf7b,0,0
8842,71bbaf7b,0,0
8843,71bbaf7b,0,1
8844,71bbaf7b,0,1
8845,71bbaf7b,0,0
8846,71bbaf7b,0,0
8847,71bbaf7b,0,0
8848,71bbaf7b,0,0
8849,71bbaf7b,0,0
8850,71bbaf7b,1,1
8851,71bbaf7b,1,1
8852,71bbaf7b,1,1
8853,71bbaf7b,1,1
8854,71bbaf7b,0,0
8855,71bbaf7b,0,1
8856,71bbaf7b,1,1
8857,71bbaf7b,1,1
8858,71bbaf7b,0,0
8859,71bbaf7b,0,0
8860,71bbaf7b,0,0
8861,71bbaf7b,0,0
8862,71bbaf7b,0,0
8863,71bbaf7b,0,0
8864,71bbaf7b,0,0
8865,71bbaf7b,0,0
8866,71bbaf7b,0,0
8867,71bbaf7b,1,1
8868,71bbaf7b,0,0
8869,71bbaf7b,0,0
8870,71bbaf7b,1,1
8871,71bbaf7b,0,0
8872,71bbaf7b,1,1
8873,71bbaf7b,0,0
8874,71bbaf7b,1,1
8875,71bbaf7b,0,0
8876,71bbaf7b,0,0
8877,71bbaf7b,0,0
8878,71bbaf7b,1,1
8879,71bbaf7b,0,0
8880,71bbaf7b,0,0
8881,71bbaf7b,0,0
8882,71bbaf7b,0,0
8883,71bbaf7b,0,0
8884,71bbaf7b,0,0
8885,71bbaf7b,0,0
8886,71bbaf7b,1,1
8887,71bbaf7b,0,0
8888,71bbaf7b,1,1
8889,71bbaf7b,0,1
8890,71bbaf7b,0,0
8891,71bbaf7b,0,0
8892,71bbaf7b,0,0
8893,71bbaf7b,0,0
8894,71bbaf7b,1,1
8895,71bbaf7b,0,0
8896,71bbaf7b,1,1
8897,71bbaf7b,0,0
8898,71bbaf7b,0,0
8899,71bbaf7b,1,1
8900,71bbaf7b,0,0
8901,71bbaf7b,0,0
8902,71bbaf7b,1,1
8903,71bbaf7b,0,0
8904,71bbaf7b,1,1
8905,71bbaf7b,1,1
8906,71bbaf7b,1,1
8907,71bbaf7b,0,0
8908,71bbaf7b,0,0
8909,71bbaf7b,0,0
8910,71bbaf7b,0,0
8911,71bbaf7b,0,0
8912,71bbaf7b,0,0
8913,71bbaf7b,0,0
8914,71bbaf7b,1,1
8915,71bbaf7b,1,1
8916,71bbaf7b,0,0
8917,71bbaf7b,0,0
8918,71bbaf7b,0,0
8919,71bbaf7b,0,0
8920,71bbaf7b,0,0
8921,71bbaf7b,0,1
8922,71bbaf7b,1,1
8923,71bbaf7b,1,1
8924,71bbaf7b,0,0
8925,71bbaf7b,0,0
8926,71bbaf7b,1,1
8927,71bbaf7b,0,0
8928,71bbaf7b,0,0
8929,71bbaf7b,0,0
8930,71bbaf7b,0,0
8931,71bbaf7b,0,0
8932,71bbaf7b,0,0
8933,71bbaf7b,1,1
8934,71bbaf7b,0,0
8935,71bbaf7b,1,1
8936,71bbaf7b,0,0
8937,71bbaf7b,1,1
8938,71bbaf7b,0,0
8939,71bbaf7b,0,0
8940,71bbaf7b,0,0
8941,71bbaf7b,0,0
8942,71bbaf7b,1,1
8943,71bbaf7b,0,0
8944,71bbaf7b,1,1
8945,71bbaf7b,0,0
8946,71bbaf7b,0,0
8947,71bbaf7b,0,0
8948,71bbaf7b,0,0
8949,71bbaf7b,1,1
8950,71bbaf7b,1,1
8951,71bbaf7b,0,0
8952,71bbaf7b,0,0
8953,71bbaf7b,0,0
8954,71bbaf7b,0,0
8955,71bbaf7b,0,0
8956,71bbaf7b,1,1
8957,71bbaf7b,0,0
8958,71bbaf7b,1,1
8959,71bbaf7b,0,0
8960,71bbaf7b,0,0
8961,71bbaf7b,0,0
8962,71bbaf7b,0,0
8963,71bbaf7b,0,0
8964,71bbaf7b,0,1
8965,71bbaf7b,0,0
8966,71bbaf7b,0,0
8967,71bbaf7b,1,1
8968,71bbaf7b,0,0
8969,71bbaf7b,0,0
8970,71bbaf7b,0,0
8971,71bbaf7b,1,1
8972,71bbaf7b,0,0
8973,71bbaf7b,1,1
8974,71bbaf7b,1,1
8975,71bbaf7b,1,1
8976,71bbaf7b,1,1
8977,71bbaf7b,0,0
8978,71bbaf7b,1,1
8979,71bbaf7b,0,0
8980,71bbaf7b,1,1
8981,71bbaf7b,1,1
8982,71bbaf7b,0,1
8983,71bbaf7b,0,0
8984,71bbaf7b,1,1
8985,71bbaf7b,0,0
8986,71bbaf7b,1,1
8987,71bbaf7b,1,1
8988,71bbaf7b,0,0
8989,71bbaf7b,1,1
8990,71bbaf7b,1,1
8991,71bbaf7b,0,0
8992,71bbaf7b,1,1
8993,71bbaf7b,0,0
8994,71bbaf7b,1,1
8995,71bbaf7b,1,1
8996,71bbaf7b,0,0
8997,71bbaf7b,0,1
8998,71bbaf7b,0,1
8999,71bbaf7b,1,1
9000,71bbaf7b,1,1
9001,71bbaf7b,1,1
9002,71bbaf7b,0,0
9003,71bbaf7b,0,0
9004,71bbaf7b,1,1
9005,71bbaf7b,0,0
9006,71bbaf7b,0,0
9007,71bbaf7b,1,1
9008,71bbaf7b,0,0
9009,71bbaf7b,0,0
9010,71bbaf7b,0,0
9011,71bbaf7b,0,0
9012,71bbaf7b,1,1
9013,71bbaf7b,0,0
9014,71bbaf7b,0,0
9015,71bbaf7b,0,0
9016,71bbaf7b,0,0
9017,71bbaf7b,0,0
9018,71bbaf7b,1,1
9019,71bbaf7b,1,1
9020,71bbaf7b,0,0
9021,71bbaf7b,0,0
9022,71bbaf7b,1,1
9023,71bbaf7b,0,0
9024,71bbaf7b,1,1
9025,71bbaf7b,0,0
9026,71bbaf7b,0,0
9027,71bbaf7b,0,0
9028,71bbaf7b,0,0
9029,71bbaf7b,0,0
9030,71bbaf7b,0,0
9031,71bbaf7b,0,0
9032,71bbaf7b,0,0
9033,71bbaf7b,0,0
9034,71bbaf7b,0,0
9035,71bbaf7b,1,1
9036,71bbaf7b,0,0
9037,71bbaf7b,0,0
9038,71bbaf7b,0,0
9039,71bbaf7b,1,1
9040,71bbaf7b,1,1
9041,71bbaf7b,0,0
9042,71bbaf7b,1,1
9043,71bbaf7b,0,0
9044,71bbaf7b,1,1
9045,71bbaf7b,1,1
9046,71bbaf7b,0,0
9047,71bbaf7b,0,0
9048,71bbaf7b,0,0
9049,71bbaf7b,0,0
9050,71bbaf7b,0,0
9051,71bbaf7b,0,0
9052,71bbaf7b,1,1
9053,71bbaf7b,0,0
9054,71bbaf7b,0,0
9055,71bbaf7b,1,1
9056,71bbaf7b,0,0
9057,71bbaf7b,0,0
9058,71bbaf7b,0,0
9059,71bbaf7b,0,0
9060,71bbaf7b,0,0
9061,71bbaf7b,1,1
9062,71bbaf7b,0,0
9063,71bbaf7b,0,0
9064,71bbaf7b,0,0
9065,71bbaf7b,1,1
9066,71bbaf7b,0,0
9067,71bbaf7b,0,0
9068,71bbaf7b,0,0
9069,71bbaf7b,0,0
9070,71bbaf7b,1,1
9071,71bbaf7b,0,0
9072,71bbaf7b,0,0
9073,71bbaf7b,0,0
9074,71bbaf7b,0,0
9075,71bbaf7b,1,1
9076,71bbaf7b,0,0
9077,71bbaf7b,1,1
9078,71bbaf7b,0,0
9079,71bbaf7b,0,0
9080,71bbaf7b,1,1
9081,71bbaf7b,0,0
9082,71bbaf7b,1,1
9083,71bbaf7b,0,0
9084,71bbaf7b,0,0
9085,71bbaf7b,0,0
9086,71bbaf7b,1,1
9087,71bbaf7b,0,0
9088,71bbaf7b,0,0
9089,71bbaf7b,0,0
9090,71bbaf7b,0,0
9091,71bbaf7b,0,0
9092,71bbaf7b,0,0
9093,71bbaf7b,0,1
9094,71bbaf7b,0,0
9095,71bbaf7b,0,0
9096,71bbaf7b,1,1
9097,71bbaf7b,0,0
9098,71bbaf7b,1,1
9099,71bbaf7b,0,0
9100,71bbaf7b,0,0
9101,71bbaf7b,1,1
9102,71bbaf7b,1,1
9103,71bbaf7b,0,0
9104,71bbaf7b,0,0
9105,71bbaf7b,1,1
9106,71bbaf7b,0,0
9107,71bbaf7b,0,0
9108,71bbaf7b,1,1
9109,71bbaf7b,1,1
9110,71bbaf7b,0,0
9111,71bbaf7b,1,1
9112,71bbaf7b,0,0
9113,71bbaf7b,0,0
9114,71bbaf7b,0,0
9115,71bbaf7b,1,1
9116,71bbaf7b,0,0
9117,71bbaf7b,0,0
9118,71bbaf7b,0,0
9119,71bbaf7b,1,1
9120,71bbaf7b,0,0
9121,71bbaf7b,0,0
9122,71bbaf7b,0,0
9123,71bbaf7b,1,1
9124,71bbaf7b,0,1
9125,71bbaf7b,1,1
9126,71bbaf7b,0,0
9127,71bbaf7b,0,0
9128,71bbaf7b,0,0
9129,71bbaf7b,0,0
9130,71bbaf7b,0,0
9131,71bbaf7b,1,1
9132,71bbaf7b,1,1
9133,71bbaf7b,1,1
9134,71bbaf7b,1,1
9135,71bbaf7b,1,1
9136,71bbaf7b,0,0
9137,71bbaf7b,1,1
9138,71bbaf7b,0,0
9139,71bbaf7b,0,0
9140,71bbaf7b,1,1
9141,71bbaf7b,0,0
9142,71bbaf7b,0,0
9143,71bbaf7b,0,0
9144,71bbaf7b,0,0
9145,71bbaf7b,0,0
9146,71bbaf7b,0,0
9147,71bbaf7b,1,1
9148,71bbaf7b,0,0
9149,71bbaf7b,0,0
9150,71bbaf7b,0,0
9151,71bbaf7b,0,0
9152,71bbaf7b,0,0
9153,71bbaf7b,1,1
9154,71bbaf7b,1,1
9155,71bbaf7b,0,0
9156,71bbaf7b,0,0
9157,71bbaf7b,0,0
9158,71bbaf7b,0,0
9159,71bbaf7b,1,1
9160,71bbaf7b,1,1
9161,71bbaf7b,0,0
9162,71bbaf7b,1,1
9163,71bbaf7b,1,1
9164,71bbaf7b,1,1
9165,71bbaf7b,0,0
9166,71bbaf7b,0,0
9167,71bbaf7b,0,1
9168,71bbaf7b,0,0
9169,71bbaf7b,0,0
9170,71bbaf7b,0,0
9171,71bbaf7b,1,1
9172,71bbaf7b,1,1
9173,71bbaf7b,1,1
9174,71bbaf7b,0,0
9175,71bbaf7b,0,0
9176,71bbaf7b,0,0
9177,71bbaf7b,1,1
9178,71bbaf7b,0,0
9179,71bbaf7b,0,0
9180,71bbaf7b,0,0
9181,71bbaf7b,0,0
9182,71bbaf7b,0,0
9183,71bbaf7b,0,0
9184,71bbaf7b,0,0
9185,71bbaf7b,0,0
9186,71bbaf7b,0,0
9187,71bbaf7b,0,0
9188,71bbaf7b,0,0
9189,71bbaf7b,0,0
9190,71bbaf7b,0,0
9191,71bbaf7b,0,0
9192,71bbaf7b,1,1
9193,71bbaf7b,0,0
9194,71bbaf7b,0,0
9195,71bbaf7b,0,0
9196,71bbaf7b,0,0
9197,71bbaf7b,0,0
9198,71bbaf7b,1,1
9199,71bbaf7b,0,0
9200,71bbaf7b,0,0
9201,71bbaf7b,0,0
9202,71bbaf7b,0,0
9203,71bbaf7b,0,0
9204,71bbaf7b,1,1
9205,71bbaf7b,0,0
9206,71bbaf7b,1,1
9207,71bbaf7b,0,0
9208,71bbaf7b,0,0
9209,71bbaf7b,0,0
9210,71bbaf7b,1,1
9211,71bbaf7b,0,0
9212,71bbaf7b,0,0
9213,71bbaf7b,1,1
9214,71bbaf7b,0,0
9215,71bbaf7b,1,1
9216,71bbaf7b,0,1
9217,71bbaf7b,1,1
9218,71bbaf7b,0,0
9219,71bbaf7b,0,0
9220,71bbaf7b,0,0
9221,71bbaf7b,0,0
9222,71bbaf7b,0,0
9223,71bbaf7b,1,1
9224,71bbaf7b,0,0
9225,71bbaf7b,0,0
9226,71bbaf7b,0,1
9227,71bbaf7b,0,0
9228,71bbaf7b,0,0
9229,71bbaf7b,0,0
9230,71bbaf7b,1,1
9231,71bbaf7b,0,0
9232,71bbaf7b,0,0
9233,71bbaf7b,0,0
9234,71bbaf7b,0,0
9235,71bbaf7b,1,1
9236,71bbaf7b,1,1
9237,71bbaf7b,0,0
9238,71bbaf7b,1,1
9239,71bbaf7b,0,0
9240,71bbaf7b,0,0
9241,71bbaf7b,1,1
9242,71bbaf7b,1,1
9243,71bbaf7b,0,0
9244,71bbaf7b,1,1
9245,71bbaf7b,1,1
9246,71bbaf7b,0,0
9247,71bbaf7b,0,0
9248,71bbaf7b,0,0
9249,71bbaf7b,0,0
9250,71bbaf7b,0,0
9251,71bbaf7b,0,0
9252,71bbaf7b,1,1
9253,71bbaf7b,0,0
9254,71bbaf7b,0,0
9255,71bbaf7b,1,1
9256,71bbaf7b,0,0
9257,71bbaf7b,0,0
9258,71bbaf7b,0,0
9259,71bbaf7b,0,1
9260,71bbaf7b,0,0
9261,71bbaf7b,1,1
9262,71bbaf7b,1,1
9263,71bbaf7b,0,0
9264,71bbaf7b,1,1
9265,71bbaf7b,0,0
9266,71bbaf7b,1,1
9267,71bbaf7b,1,1
9268,71bbaf7b,1,1
9269,71bbaf7b,0,0
9270,71bbaf7b,0,0
9271,71bbaf7b,0,0
9272,71bbaf7b,0,0
9273,71bbaf7b,0,0
9274,71bbaf7b,0,0
9275,71bbaf7b,0,0
9276,71bbaf7b,1,1
9277,71bbaf7b,0,0
9278,71bbaf7b,0,0
9279,71bbaf7b,1,1
9280,71bbaf7b,1,1
9281,71bbaf7b,1,1
9282,71bbaf7b,1,1
9283,71bbaf7b,0,0
9284,71bbaf7b,0,0
9285,71bbaf7b,0,0
9286,71bbaf7b,0,0
9287,71bbaf7b,1,1
9288,71bbaf7b,0,0
9289,71bbaf7b,0,0
9290,71bbaf7b,0,0
9291,71bbaf7b,0,0
9292,71bbaf7b,0,0
9293,71bbaf7b,0,0
9294,71bbaf7b,1,1
9295,71bbaf7b,0,0
9296,71bbaf7b,0,0
9297,71bbaf7b,0,0
9298,71bbaf7b,0,0
9299,71bbaf7b,0,1
9300,71bbaf7b,0,0
9301,71bbaf7b,0,0
9302,71bbaf7b,1,1
9303,71bbaf7b,0,0
9304,71bbaf7b,1,1
9305,71bbaf7b,0,0
9306,71bbaf7b,0,0
9307,71bbaf7b,0,0
9308,71bbaf7b,0,0
9309,71bbaf7b,1,1
9310,71bbaf7b,1,1
9311,71bbaf7b,0,0
9312,71bbaf7b,0,0
9313,71bbaf7b,1,1
9314,71bbaf7b,0,0
9315,71bbaf7b,0,0
9316,71bbaf7b,0,0
9317,71bbaf7b,0,0
9318,71bbaf7b,1,1
9319,71bbaf7b,0,0
9320,71bbaf7b,0,0
9321,71bbaf7b,0,0
9322,71bbaf7b,1,1
9323,71bbaf7b,0,0
9324,71bbaf7b,0,0
9325,71bbaf7b,0,0
9326,71bbaf7b,0,0
9327,71bbaf7b,1,1
9328,71bbaf7b,1,1
9329,71bbaf7b,0,0
9330,71bbaf7b,0,0
9331,71bbaf7b,0,0
9332,71bbaf7b,0,0
9333,71bbaf7b,0,0
9334,71bbaf7b,0,0
9335,71bbaf7b,0,0
9336,71bbaf7b,1,1
9337,71bbaf7b,1,1
9338,71bbaf7b,1,1
9339,71bbaf7b,0,0
9340,71bbaf7b,0,0
9341,71bbaf7b,0,0
9342,71bbaf7b,0,0
9343,71bbaf7b,1,1
9344,71bbaf7b,0,0
9345,71bbaf7b,0,0
9346,71bbaf7b,0,0
9347,71bbaf7b,0,0
9348,71bbaf7b,0,0
9349,71bbaf7b,0,0
9350,71bbaf7b,0,1
9351,71bbaf7b,1,1
9352,71bbaf7b,0,0
9353,71bbaf7b,0,0
9354,71bbaf7b,1,1
9355,71bbaf7b,1,1
9356,71bbaf7b,0,0
9357,71bbaf7b,0,0
9358,71bbaf7b,0,0
9359,71bbaf7b,0,0
9360,71bbaf7b,1,1
9361,71bbaf7b,0,0
9362,71bbaf7b,1,1
9363,71bbaf7b,0,0
9364,71bbaf7b,1,1
9365,71bbaf7b,1,1
9366,71bbaf7b,0,0
9367,71bbaf7b,0,0
9368,71bbaf7b,0,0
9369,71bbaf7b,0,0
9370,71bbaf7b,0,0
9371,71bbaf7b,0,0
9372,71bbaf7b,0,0
9373,71bbaf7b,1,1
9374,71bbaf7b,1,1
9375,71bbaf7b,0,0
9376,71bbaf7b,0,0
9377,71bbaf7b,1,1
9378,71bbaf7b,1,1
9379,71bbaf7b,0,0
9380,71bbaf7b,0,0
9381,71bbaf7b,1,1
9382,71bbaf7b,1,1
9383,71bbaf7b,0,0
9384,71bbaf7b,1,1
9385,71bbaf7b,1,1
9386,71bbaf7b,0,0
9387,71bbaf7b,0,0
9388,71bbaf7b,1,1
9389,71bbaf7b,0,0
9390,71bbaf7b,0,0
9391,71bbaf7b,0,0
9392,71bbaf7b,1,1
9393,71bbaf7b,0,0
9394,71bbaf7b,0,0
9395,71bbaf7b,0,0
9396,71bbaf7b,0,0
9397,71bbaf7b,0,0
9398,71bbaf7b,0,0
9399,71bbaf7b,0,0
9400,71bbaf7b,0,0
9401,71bbaf7b,1,1
9402,71bbaf7b,1,1
9403,71bbaf7b,1,1
9404,71bbaf7b,0,0
9405,71bbaf7b,0,0
9406,71bbaf7b,0,1
9407,71bbaf7b,1,1
9408,71bbaf7b,1,1
9409,71bbaf7b,0,0
9410,71bbaf7b,0,0
9411,71bbaf7b,0,0
9412,71bbaf7b,0,0
9413,71bbaf7b,0,0
9414,71bbaf7b,0,0
9415,71bbaf7b,1,1
9416,71bbaf7b,0,0
9417,71bbaf7b,0,1
9418,71bbaf7b,1,1
9419,71bbaf7b,0,0
9420,71bbaf7b,0,0
9421,71bbaf7b,1,1
9422,71bbaf7b,0,0
9423,71bbaf7b,0,0
9424,71bbaf7b,1,1
9425,71bbaf7b,0,0
9426,71bbaf7b,0,0
9427,71bbaf7b,0,0
9428,71bbaf7b,0,0
9429,71bbaf7b,1,1
9430,71bbaf7b,0,0
9431,71bbaf7b,0,0
9432,71bbaf7b,0,0
9433,71bbaf7b,0,0
9434,71bbaf7b,1,1
9435,71bbaf7b,0,0
9436,71bbaf7b,1,1
9437,71bbaf7b,0,0
9438,71bbaf7b,0,0
9439,71bbaf7b,1,1
9440,71bbaf7b,0,0
9441,71bbaf7b,0,0
9442,71bbaf7b,0,0
9443,71bbaf7b,0,0
9444,71bbaf7b,0,0
9445,71bbaf7b,1,1
9446,71bbaf7b,1,1
9447,71bbaf7b,0,0
9448,71bbaf7b,1,1
9449,71bbaf7b,0,0
9450,71bbaf7b,1,1
9451,71bbaf7b,0,0
9452,71bbaf7b,0,0
9453,71bbaf7b,0,0
9454,71bbaf7b,1,1
9455,71bbaf7b,0,0
9456,71bbaf7b,0,0
9457,71bbaf7b,0,0
9458,71bbaf7b,0,0
9459,71bbaf7b,1,1
9460,71bbaf7b,1,1
9461,71bbaf7b,0,0
9462,71bbaf7b,0,0
9463,71bbaf7b,1,1
9464,71bbaf7b,0,0
9465,71bbaf7b,0,0
9466,71bbaf7b,0,0
9467,71bbaf7b,0,1
9468,71bbaf7b,0,0
9469,71bbaf7b,0,0
9470,71bbaf7b,0,0
9471,71bbaf7b,0,0
9472,71bbaf7b,0,0
9473,71bbaf7b,0,0
9474,71bbaf7b,1,1
9475,71bbaf7b,0,0
9476,71bbaf7b,1,1
9477,71bbaf7b,1,1
9478,71bbaf7b,1,1
9479,71bbaf7b,0,0
9480,71bbaf7b,0,0
9481,71bbaf7b,1,1
9482,71bbaf7b,1,1
9483,71bbaf7b,0,0
9484,71bbaf7b,0,0
9485,71bbaf7b,1,1
9486,71bbaf7b,1,1
9487,71bbaf7b,0,0
9488,71bbaf7b,0,0
9489,71bbaf7b,1,1
9490,71bbaf7b,1,1
9491,71bbaf7b,1,1
9492,71bbaf7b,0,0
9493,71bbaf7b,0,0
9494,71bbaf7b,0,0
9495,71bbaf7b,0,0
9496,71bbaf7b,0,0
9497,71bbaf7b,1,1
9498,71bbaf7b,1,1
9499,71bbaf7b,0,0
9500,71bbaf7b,0,0
9501,71bbaf7b,0,0
9502,71bbaf7b,0,0
9503,71bbaf7b,1,1
9504,71bbaf7b,1,1
9505,71bbaf7b,1,1
9506,71bbaf7b,0,0
9507,71bbaf7b,0,0
9508,71bbaf7b,0,0
9509,71bbaf7b,1,1
9510,71bbaf7b,1,1
9511,71bbaf7b,0,0
9512,71bbaf7b,0,1
9513,71bbaf7b,1,1
9514,71bbaf7b,0,0
9515,71bbaf7b,1,1
9516,71bbaf7b,0,0
9517,71bbaf7b,1,1
9518,71bbaf7b,0,0
9519,71bbaf7b,1,1
9520,71bbaf7b,1,1
9521,71bbaf7b,0,0
9522,71bbaf7b,1,1
9523,71bbaf7b,1,1
9524,71bbaf7b,0,0
9525,71bbaf7b,1,1
9526,71bbaf7b,1,1
9527,71bbaf7b,0,0
9528,71bbaf7b,1,1
9529,71bbaf7b,0,0
9530,71bbaf7b,1,1
9531,71bbaf7b,0,0
9532,71bbaf7b,0,0
9533,71bbaf7b,1,1
9534,71bbaf7b,0,0
9535,71bbaf7b,1,1
9536,71bbaf7b,0,0
9537,71bbaf7b,0,0
9538,71bbaf7b,0,0
9539,71bbaf7b,0,0
9540,71bbaf7b,0,0
9541,71bbaf7b,0,0
9542,71bbaf7b,0,0
9543,71bbaf7b,1,1
9544,71bbaf7b,1,1
9545,71bbaf7b,0,0
9546,71bbaf7b,1,1
9547,71bbaf7b,1,1
9548,71bbaf7b,1,1
9549,71bbaf7b,1,1
9550,71bbaf7b,0,0
9551,71bbaf7b,0,0
9552,71bbaf7b,0,0
9553,71bbaf7b,0,0
9554,71bbaf7b,1,1
9555,71bbaf7b,1,1
9556,71bbaf7b,0,0
9557,71bbaf7b,0,0
9558,71bbaf7b,0,0
9559,71bbaf7b,1,1
9560,71bbaf7b,1,1
9561,71bbaf7b,0,0
9562,71bbaf7b,0,0
9563,71bbaf7b,0,0
9564,71bbaf7b,1,1
9565,71bbaf7b,0,0
9566,71bbaf7b,0,0
9567,71bbaf7b,1,1
9568,71bbaf7b,0,0
9569,71bbaf7b,1,1
9570,71bbaf7b,0,0
9571,71bbaf7b,0,0
9572,71bbaf7b,1,1
9573,71bbaf7b,0,0
9574,71bbaf7b,1,1
9575,71bbaf7b,0,0
9576,71bbaf7b,1,1
9577,71bbaf7b,0,0
9578,71bbaf7b,0,0
9579,71bbaf7b,0,0
9580,71bbaf7b,0,0
9581,71bbaf7b,0,0
9582,71bbaf7b,0,0
9583,71bbaf7b,0,0
9584,71bbaf7b,0,0
9585,71bbaf7b,0,0
9586,71bbaf7b,1,1
9587,71bbaf7b,1,1
9588,71bbaf7b,0,0
9589,71bbaf7b,0,0
9590,71bbaf7b,1,1
9591,71bbaf7b,0,0
9592,71bbaf7b,0,0
9593,71bbaf7b,0,0
9594,71bbaf7b,0,1
9595,71bbaf7b,0,0
9596,71bbaf7b,0,0
9597,71bbaf7b,0,0
9598,71bbaf7b,0,0
9599,71bbaf7b,0,0
9600,71bbaf7b,0,0
9601,71bbaf7b,1,1
9602,71bbaf7b,0,0
9603,71bbaf7b,0,0
9604,71bbaf7b,1,1
9605,71bbaf7b,0,0
9606,71bbaf7b,1,1
9607,71bbaf7b,0,0
9608,71bbaf7b,1,1
9609,71bbaf7b,0,0
9610,71bbaf7b,0,0
9611,71bbaf7b,1,1
9612,71bbaf7b,1,1
9613,71bbaf7b,1,1
9614,71bbaf7b,0,0
9615,71bbaf7b,1,1
9616,71bbaf7b,0,0
9617,71bbaf7b,0,0
9618,71bbaf7b,1,1
9619,71bbaf7b,0,0
9620,71bbaf7b,1,1
9621,71bbaf7b,0,0
9622,71bbaf7b,0,0
9623,71bbaf7b,0,0
9624,71bbaf7b,0,0
9625,71bbaf7b,0,0
9626,71bbaf7b,0,0
9627,71bbaf7b,0,0
9628,71bbaf7b,0,0
9629,71bbaf7b,0,0
9630,71bbaf7b,0,0
9631,71bbaf7b,0,0
9632,71bbaf7b,1,1
9633,71bbaf7b,1,1
9634,71bbaf7b,0,0
9635,71bbaf7b,1,1
9636,71bbaf7b,0,0
9637,71bbaf7b,0,0
9638,71bbaf7b,0,0
9639,71bbaf7b,0,0
9640,71bbaf7b,0,0
9641,71bbaf7b,0,0
9642,71bbaf7b,0,0
9643,71bbaf7b,0,0
9644,71bbaf7b,0,0
9645,71bbaf7b,0,0
9646,71bbaf7b,1,1
9647,71bbaf7b,0,1
9648,71bbaf7b,0,0
9649,71bbaf7b,1,1
9650,71bbaf7b,0,1
9651,71bbaf7b,0,1
9652,71bbaf7b,1,1
9653,71bbaf7b,0,0
9654,71bbaf7b,0,0
9655,71bbaf7b,1,1
9656,71bbaf7b,0,1
9657,71bbaf7b,0,0
9658,71bbaf7b,0,0
9659,71bbaf7b,0,0
9660,71bbaf7b,0,0
9661,71bbaf7b,0,0
9662,71bbaf7b,1,1
9663,71bbaf7b,0,0
9664,71bbaf7b,1,1
9665,71bbaf7b,0,0
9666,71bbaf7b,0,0
9667,71bbaf7b,1,1
9668,71bbaf7b,1,1
9669,71bbaf7b,0,0
9670,71bbaf7b,1,1
9671,71bbaf7b,0,0
9672,71bbaf7b,1,1
9673,71bbaf7b,0,0
9674,71bbaf7b,0,0
9675,71bbaf7b,1,1
9676,71bbaf7b,1,1
9677,71bbaf7b,0,0
9678,71bbaf7b,0,0
9679,71bbaf7b,0,0
9680,71bbaf7b,0,0
9681,71bbaf7b,0,0
9682,71bbaf7b,1,1
9683,71bbaf7b,1,1
9684,71bbaf7b,0,0
9685,71bbaf7b,0,0
9686,71bbaf7b,0,0
9687,71bbaf7b,0,0
9688,71bbaf7b,0,0
9689,71bbaf7b,0,0
9690,71bbaf7b,0,0
9691,71bbaf7b,0,0
9692,71bbaf7b,0,0
9693,71bbaf7b,1,1
9694,71bbaf7b,0,0
9695,71bbaf7b,1,1
9696,71bbaf7b,0,0
9697,71bbaf7b,0,0
9698,71bbaf7b,0,0
9699,71bbaf7b,1,1
9700,71bbaf7b,1,1
9701,71bbaf7b,0,0
9702,71bbaf7b,0,0
9703,71bbaf7b,1,1
9704,71bbaf7b,1,1
9705,71bbaf7b,0,0
9706,71bbaf7b,0,0
9707,71bbaf7b,0,0
9708,71bbaf7b,1,1
9709,71bbaf7b,0,0
9710,71bbaf7b,1,1
9711,71bbaf7b,0,0
9712,71bbaf7b,0,0
9713,71bbaf7b,1,1
9714,71bbaf7b,1,1
9715,71bbaf7b,0,0
9716,71bbaf7b,0,0
9717,71bbaf7b,1,1
9718,71bbaf7b,0,0
9719,71bbaf7b,0,0
9720,71bbaf7b,0,0
9721,71bbaf7b,0,0
9722,71bbaf7b,0,0
9723,71bbaf7b,0,0
9724,71bbaf7b,0,0
9725,71bbaf7b,0,0
9726,71bbaf7b,0,0
9727,71bbaf7b,1,1
9728,71bbaf7b,0,0
9729,71bbaf7b,0,0
9730,71bbaf7b,0,0
9731,71bbaf7b,1,1
9732,71bbaf7b,1,1
9733,71bbaf7b,0,0
9734,71bbaf7b,0,0
9735,71bbaf7b,0,0
9736,71bbaf7b,0,0
9737,71bbaf7b,0,0
9738,71bbaf7b,0,0
9739,71bbaf7b,0,0
9740,71bbaf7b,0,0
9741,71bbaf7b,1,1
9742,71bbaf7b,0,0
9743,71bbaf7b,0,0
9744,71bbaf7b,0,0
9745,71bbaf7b,0,0
9746,71bbaf7b,1,1
9747,71bbaf7b,0,0
9748,71bbaf7b,0,0
9749,71bbaf7b,1,1
9750,71bbaf7b,0,0
9751,71bbaf7b,0,0
9752,71bbaf7b,0,0
9753,71bbaf7b,0,0
9754,71bbaf7b,1,1
9755,71bbaf7b,0,0
9756,71bbaf7b,0,0
9757,71bbaf7b,0,0
9758,71bbaf7b,0,0
9759,71bbaf7b,0,0
9760,71bbaf7b,0,0
9761,71bbaf7b,0,0
9762,71bbaf7b,0,0
9763,71bbaf7b,0,0
9764,71bbaf7b,1,1
9765,71bbaf7b,1,1
9766,71bbaf7b,0,0
9767,71bbaf7b,0,0
9768,71bbaf7b,0,0
9769,71bbaf7b,0,0
9770,71bbaf7b,1,1
9771,71bbaf7b,0,1
9772,71bbaf7b,0,0
9773,71bbaf7b,0,0
9774,71bbaf7b,0,1
9775,71bbaf7b,1,1
9776,71bbaf7b,1,1
9777,71bbaf7b,0,0
9778,71bbaf7b,0,0
9779,71bbaf7b,1,1
9780,71bbaf7b,1,1
9781,71bbaf7b,0,0
9782,71bbaf7b,0,0
9783,71bbaf7b,0,0
9784,71bbaf7b,1,1
9785,71bbaf7b,0,0
9786,71bbaf7b,1,1
9787,71bbaf7b,1,1
9788,71bbaf7b,1,1
9789,71bbaf7b,0,0
9790,71bbaf7b,1,1
9791,71bbaf7b,0,0
9792,71bbaf7b,0,0
9793,71bbaf7b,0,0
9794,71bbaf7b,0,0
9795,71bbaf7b,1,1
9796,71bbaf7b,0,0
9797,71bbaf7b,1,1
9798,71bbaf7b,0,1
9799,71bbaf7b,1,1
9800,71bbaf7b,0,0
9801,71bbaf7b,0,0
9802,71bbaf7b,0,0
9803,71bbaf7b,0,0
9804,71bbaf7b,1,1
9805,71bbaf7b,0,0
9806,71bbaf7b,0,0
9807,71bbaf7b,1,1
9808,71bbaf7b,0,0
9809,71bbaf7b,0,0
9810,71bbaf7b,0,0
9811,71bbaf7b,0,0
9812,71bbaf7b,1,1
9813,71bbaf7b,0,0
9814,71bbaf7b,0,0
9815,71bbaf7b,0,0
9816,71bbaf7b,0,0
9817,71bbaf7b,1,1
9818,71bbaf7b,0,0
9819,71bbaf7b,1,1
9820,71bbaf7b,0,0
9821,71bbaf7b,1,1
9822,71bbaf7b,0,1
9823,71bbaf7b,1,1
9824,71bbaf7b,0,0
9825,71bbaf7b,0,0
9826,71bbaf7b,1,1
9827,71bbaf7b,1,1
9828,71bbaf7b,1,1
9829,71bbaf7b,1,1
9830,71bbaf7b,0,0
9831,71bbaf7b,0,0
9832,71bbaf7b,0,1
9833,71bbaf7b,0,0
9834,71bbaf7b,0,0
9835,71bbaf7b,0,0
9836,71bbaf7b,0,0
9837,71bbaf7b,1,1
9838,71bbaf7b,1,1
9839,71bbaf7b,0,0
9840,71bbaf7b,0,0
9841,71bbaf7b,0,0
9842,71bbaf7b,0,0
9843,71bbaf7b,1,1
9844,71bbaf7b,0,0
9845,71bbaf7b,0,0
9846,71bbaf7b,0,0
9847,71bbaf7b,0,0
9848,71bbaf7b,1,1
9849,71bbaf7b,0,0
9850,71bbaf7b,0,0
9851,71bbaf7b,0,0
9852,71bbaf7b,0,0
9853,71bbaf7b,0,0
9854,71bbaf7b,0,0
9855,71bbaf7b,1,1
9856,71bbaf7b,1,1
9857,71bbaf7b,0,0
9858,71bbaf7b,0,0
9859,71bbaf7b,1,1
9860,71bbaf7b,0,0
9861,71bbaf7b,0,0
9862,71bbaf7b,0,0
9863,71bbaf7b,1,1
9864,71bbaf7b,0,0
9865,71bbaf7b,0,0
9866,71bbaf7b,0,0
9867,71bbaf7b,0,0
9868,71bbaf7b,0,0
9869,71bbaf7b,0,0
9870,71bbaf7b,0,0
9871,71bbaf7b,1,1
9872,71bbaf7b,1,1
9873,71bbaf7b,0,0
9874,71bbaf7b,1,1
9875,71bbaf7b,0,0
9876,71bbaf7b,0,0
9877,71bbaf7b,0,0
9878,71bbaf7b,1,1
9879,71bbaf7b,1,1
9880,71bbaf7b,0,0
9881,71bbaf7b,0,0
9882,71bbaf7b,1,1
9883,71bbaf7b,0,0
9884,71bbaf7b,0,0
9885,71bbaf7b,0,0
9886,71bbaf7b,1,1
9887,71bbaf7b,0,0
9888,71bbaf7b,0,0
9889,71bbaf7b,1,1
9890,71bbaf7b,0,0
9891,71bbaf7b,0,0
9892,71bbaf7b,1,1
9893,71bbaf7b,0,0
9894,71bbaf7b,1,1
9895,71bbaf7b,0,1
9896,71bbaf7b,0,0
9897,71bbaf7b,0,0
9898,71bbaf7b,0,0
9899,71bbaf7b,0,0
9900,71bbaf7b,0,0
9901,71bbaf7b,0,0
9902,71bbaf7b,0,0
9903,71bbaf7b,0,0
9904,71bbaf7b,0,1
9905,71bbaf7b,0,0
9906,71bbaf7b,1,1
9907,71bbaf7b,1,1
9908,71bbaf7b,0,0
9909,71bbaf7b,0,0
9910,71bbaf7b,0,0
9911,71bbaf7b,0,0
9912,71bbaf7b,0,0
9913,71bbaf7b,1,1
9914,71bbaf7b,0,0
9915,71bbaf7b,1,1
9916,71bbaf7b,0,0
9917,71bbaf7b,1,1
9918,71bbaf7b,1,1
9919,71bbaf7b,0,0
9920,71bbaf7b,0,0
9921,71bbaf7b,1,1
9922,71bbaf7b,0,0
9923,71bbaf7b,0,0
9924,71bbaf7b,0,0
9925,71bbaf7b,0,0
9926,71bbaf7b,1,1
9927,71bbaf7b,0,0
9928,71bbaf7b,0,0
9929,71bbaf7b,0,0
9930,71bbaf7b,0,0
9931,71bbaf7b,1,1
9932,71bbaf7b,0,0
9933,71bbaf7b,0,0
9934,71bbaf7b,0,0
9935,71bbaf7b,0,0
9936,71bbaf7b,0,0
9937,71bbaf7b,0,0
9938,71bbaf7b,0,1
9939,71bbaf7b,0,0
9940,71bbaf7b,0,0
9941,71bbaf7b,0,0
9942,71bbaf7b,1,1
9943,71bbaf7b,0,0
9944,71bbaf7b,0,0
9945,71bbaf7b,1,1
9946,71bbaf7b,0,0
9947,71bbaf7b,0,0
9948,71bbaf7b,1,1
9949,71bbaf7b,0,0
9950,71bbaf7b,0,1
9951,71bbaf7b,1,1
9952,71bbaf7b,0,0
9953,71bbaf7b,0,0
9954,71bbaf7b,0,0
9955,71bbaf7b,0,0
9956,71bbaf7b,0,0
9957,71bbaf7b,0,0
9958,71bbaf7b,1,1
9959,71bbaf7b,0,0
9960,71bbaf7b,1,1
9961,71bbaf7b,0,0
9962,71bbaf7b,0,0
9963,71bbaf7b,0,0
9964,71bbaf7b,0,0
9965,71bbaf7b,0,0
9966,71bbaf7b,1,1
9967,71bbaf7b,0,0
9968,71bbaf7b,0,0
9969,71bbaf7b,0,0
9970,71bbaf7b,1,1
9971,71bbaf7b,0,0
9972,71bbaf7b,0,1
9973,71bbaf7b,1,1
9974,71bbaf7b,0,0
9975,71bbaf7b,0,0
9976,71bbaf7b,0,0
9977,71bbaf7b,0,0
9978,71bbaf7b,0,0
9979,71bbaf7b,0,0
9980,71bbaf7b,0,0
9981,71bbaf7b,0,0
9982,71bbaf7b,0,0
9983,71bbaf7b,1,1
9984,71bbaf7b,1,1
9985,71bbaf7b,0,0
9986,71bbaf7b,0,0
9987,71bbaf7b,0,1
9988,71bbaf7b,1,1
9989,71bbaf7b,1,1
9990,71bbaf7b,0,0
9991,71bbaf7b,0,0
9992,71bbaf7b,1,1
9993,71bbaf7b,1,1
9994,71bbaf7b,0,0
9995,71bbaf7b,1,1
9996,71bbaf7b,0,0
9997,71bbaf7b,0,0
9998,71bbaf7b,0,0
9999,71bbaf7b,0,0
10000,71bbaf7b,0,0
